{"ProjectWatches":"{\"Value\":[]}","ProjectBreakpoints":"{\"Value\":{\"Main.xaml\":[{\"ConditionalExpression\":null,\"ActionExpression\":null,\"ExpectedHitCounter\":null,\"ShouldContinueAfterAction\":false,\"IsEnabled\":false,\"ActivityIdRef\":\"GetRobotAsset_2\",\"ActivityId\":\"1.193\",\"ActivityName\":\"Get Asset Monday\"}],\"UpdatingProjectTrackerSheet.xaml\":[{\"ConditionalExpression\":null,\"ActionExpression\":null,\"ExpectedHitCounter\":null,\"ShouldContinueAfterAction\":false,\"IsEnabled\":false,\"ActivityIdRef\":\"Sequence_89\",\"ActivityId\":\"1.439\",\"ActivityName\":\"Download Smartsheet 1 for all Company Codes\"},{\"ConditionalExpression\":null,\"ActionExpression\":null,\"ExpectedHitCounter\":null,\"ShouldContinueAfterAction\":false,\"IsEnabled\":false,\"ActivityIdRef\":\"InvokeWorkflowFile_11\",\"ActivityId\":\"1.491\",\"ActivityName\":\"Download Smartsheet\"},{\"ConditionalExpression\":null,\"ActionExpression\":null,\"ExpectedHitCounter\":null,\"ShouldContinueAfterAction\":false,\"IsEnabled\":false,\"ActivityIdRef\":\"InvokeWorkflowFile_13\",\"ActivityId\":\"1.269\",\"ActivityName\":\"Download Smartsheet\"}]}}","OpenedDocuments":"[\"AddDataToQueue.xaml\"]"}